Question,Attribute name,Answer for Team,Answer for Choir,Answer for Corporation,Answer for Mob,Answer for University
What is the typical purpose of X?,purpose,Competing or collaborating in sports or work,Performing vocal music,Conducting business or providing services,"Gathering for a common cause, often with a negative connotation",Education and research
How is X typically structured?,structure,Members with specific roles or positions,Singers classified by voice type,"Hierarchical, with different departments","Loosely organized, often spontaneous","Faculty, students, departments, and administration"
What is a common activity of X?,activity,Playing a sport or working on a project,"Singing, rehearsing","Business operations, meetings, transactions","Protesting, rioting, or celebrating","Teaching, studying, researching"
How many individuals typically form X?,size,"Varies, usually small to medium groups","Varies, usually a medium to large group","Can vary widely, often large",Usually large,Typically very large
Where is X typically found?,location,"Sports fields, offices, online platforms","Churches, concert halls, schools","Offices, business districts","Streets, public squares","Campus, online platforms"
What is the typical leadership structure of X?,leadership,Coach or team leader,Choir director or conductor,CEO and board of directors,Often lacks formal leadership,"President, academic council"
What is the typical duration of existence for X?,duration,Seasonal or project-based,Ongoing with regular sessions,"Long-term, ongoing","Short-term, spontaneous","Long-term, established"
What are the typical rules or norms governing X?,rules,"Team rules, sportsmanship","Music ethics, attendance policy","Corporate policies, legal regulations","Unwritten, crowd dynamics","Academic regulations, codes of conduct"
What is the typical communication method within X?,communication,"Direct, meetings, online communication","In-person rehearsals, group discussions","Emails, meetings, memos","Verbal, non-verbal, social media","Lectures, emails, online platforms"
What is the typical decision-making process in X?,decision-making,Leader's decision or team vote,Director's decision or group consensus,"Board decisions, managerial hierarchy","No formal process, crowd behavior","Administrative decisions, academic senate"
What are typical events or gatherings associated with X?,events,"Games, tournaments, meetings","Concerts, recitals","Shareholder meetings, corporate events","Rallies, protests","Graduations, lectures, social events"
What kind of hierarchy exists within X?,hierarchy,"Captain, members","Section leaders, choir members","Executives, managers, employees",Lacks formal hierarchy,"Faculty, administration, students"
What is the typical funding or financial source for X?,funding,"Sponsorships, team fees","Donations, membership fees","Investments, revenues","No formal funding, self-organized","Tuition, grants, endowments"
What is the typical age range of members in X?,age range,"Varies, often young adults","Varies, all ages","Adults, varies with position","Varies, often adults","Typically young adults, varies for staff"
What is the typical gender composition of X?,gender composition,"Varies, can be single-gender or mixed",Usually mixed gender,"Varies, often diverse","Varies, usually diverse","Varies, aims for diversity"
What is the typical age range of members in X?,age range,"Varies, often young adults","All ages, often adults","Adults, typically mid-20s and older","Varies widely, often young adults","Typically 18-30 for undergraduates, varies for postgraduates"
What is a common goal or objective of X?,goal,Achieving specific objectives together,Creating harmonious music,"Profit-making, providing services or products",Expressing collective emotion or protest,"Educational achievement, research advancement"
What kind of leadership structure does X typically have?,leadership structure,"Captain or manager, often with a hierarchical structure",Conductor or director leading the group,CEO and board of directors,Typically lacks formal leadership,Administration led by a president or chancellor
What is the typical duration of membership in X?,membership duration,Seasonal or project-based,"Varies, can be long-term","Long-term, often career-based","Short-term, often spontaneous","Typically 3-4 years for undergraduate, varies for other programs"
How does one typically become a member of X?,joining method,Selection or recruitment based on skills,Auditions or open to all depending on the choir,"Hiring process, often requiring specific qualifications",Joining spontaneously during events,Admission process based on academic criteria
What are typical rules or norms in X?,rules,"Teamwork, cooperation, adherence to rules","Attendance, vocal discipline, harmony","Corporate policies, ethical guidelines","Varies, often lacks formal rules","Academic integrity, respect, inclusivity"
How does X typically communicate internally?,communication,"Meetings, emails, group chats","Rehearsals, notices, group communications","Emails, meetings, internal networks","Word of mouth, social media","Lectures, seminars, digital platforms"
What are the typical external perceptions of X?,perception,"Competitive, collaborative","Artistic, cultural","Professional, bureaucratic","Chaotic, unpredictable","Educational, scholarly"
How does X typically impact its community or environment?,community impact,Promotes sportsmanship and teamwork,Enhances cultural and musical life of community,"Economic development, job creation",Can have both positive and negative impacts,"Educational advancement, cultural and social impact"
What is a common challenge or problem faced by X?,common challenge,"Conflict within team, performance pressure","Balancing voices, attendance consistency","Market competition, regulatory compliance","Violence, lack of clear objectives","Funding, maintaining academic standards"
What type of events or activities does X typically organize?,events,"Games, tournaments, training sessions","Concerts, recitals, competitions","Product launches, meetings, conferences","Protests, rallies, spontaneous gatherings","Lectures, seminars, research projects"
How is success typically measured in X?,success measurement,"Winning matches, achieving goals","Quality of performance, audience reception","Profit, market share, stakeholder satisfaction","Achieving its cause, media attention","Academic achievements, reputation, research impact"
What are the typical values or ethos of X?,values,"Team spirit, sportsmanship, determination","Musical excellence, harmony, community","Innovation, responsibility, customer focus","Varies widely, often passion or discontent","Knowledge, integrity, innovation"
How does X adapt to changes or challenges?,adaptation,"Training, strategy changes, adapting to opponents","Adjusting repertoire, incorporating new members","Market research, innovation, restructuring","Responding to real-time events, social media trends","Curriculum updates, research initiatives, online education"
What is the typical decision-making process in X?,decision-making,"Coach or captain's decision, team input depending on the context","Director's decision, occasionally with member input","Executive decisions, board meetings, departmental inputs","Often spontaneous, lacks formal process","Administrative decisions, committees, faculty input"
